{"assets/images/app_logo.png":["assets/images/app_logo.png"],"assets/images/box.png":["assets/images/box.png"],"assets/images/coin.png":["assets/images/coin.png"],"assets/images/darkBg.jpeg":["assets/images/darkBg.jpeg"],"assets/images/delivery.png":["assets/images/delivery.png"],"assets/images/emptyCart.png":["assets/images/emptyCart.png"],"assets/images/fast.png":["assets/images/fast.png"],"assets/images/gift.png":["assets/images/gift.png"],"assets/images/kingdom.png":["assets/images/kingdom.png"],"assets/images/lightBg.jpeg":["assets/images/lightBg.jpeg"],"assets/images/loginBg.png":["assets/images/loginBg.png"],"assets/images/masterEmpty.png":["assets/images/masterEmpty.png"],"assets/images/salonEmpty.png":["assets/images/salonEmpty.png"],"assets/images/save.png":["assets/images/save.png"],"assets/images/search_bg.png":["assets/images/search_bg.png"],"assets/images/service1.png":["assets/images/service1.png"],"assets/images/service10.png":["assets/images/service10.png"],"assets/images/service11.png":["assets/images/service11.png"],"assets/images/service12.png":["assets/images/service12.png"],"assets/images/service2.png":["assets/images/service2.png"],"assets/images/service3.png":["assets/images/service3.png"],"assets/images/service4.png":["assets/images/service4.png"],"assets/images/service5.png":["assets/images/service5.png"],"assets/images/service6.png":["assets/images/service6.png"],"assets/images/service7.png":["assets/images/service7.png"],"assets/images/service8.png":["assets/images/service8.png"],"assets/images/service9.png":["assets/images/service9.png"],"assets/images/set.png":["assets/images/set.png"],"assets/images/ui_four.png":["assets/images/ui_four.png"],"assets/images/ui_one.png":["assets/images/ui_one.png"],"assets/images/ui_three.png":["assets/images/ui_three.png"],"assets/images/ui_two.png":["assets/images/ui_two.png"],"assets/lottie/empty_list.json":["assets/lottie/empty_list.json"],"assets/lottie/empty_review.json":["assets/lottie/empty_review.json"],"assets/lottie/noImage.json":["assets/lottie/noImage.json"],"assets/lottie/noItem.json":["assets/lottie/noItem.json"],"assets/lottie/notification_empty.json":["assets/lottie/notification_empty.json"],"assets/lottie/order_not.json":["assets/lottie/order_not.json"],"assets/lottie/pin.json":["assets/lottie/pin.json"],"assets/lottie/processing.json":["assets/lottie/processing.json"],"assets/svg/bag.svg":["assets/svg/bag.svg"],"assets/svg/bag1.svg":["assets/svg/bag1.svg"],"assets/svg/booking1.svg":["assets/svg/booking1.svg"],"assets/svg/calendar.svg":["assets/svg/calendar.svg"],"assets/svg/category.svg":["assets/svg/category.svg"],"assets/svg/cleanliness.svg":["assets/svg/cleanliness.svg"],"assets/svg/communication.svg":["assets/svg/communication.svg"],"assets/svg/contact.svg":["assets/svg/contact.svg"],"assets/svg/discount.svg":["assets/svg/discount.svg"],"assets/svg/equipment.svg":["assets/svg/equipment.svg"],"assets/svg/filter.svg":["assets/svg/filter.svg"],"assets/svg/home.svg":["assets/svg/home.svg"],"assets/svg/home1.svg":["assets/svg/home1.svg"],"assets/svg/inStock.svg":["assets/svg/inStock.svg"],"assets/svg/interior.svg":["assets/svg/interior.svg"],"assets/svg/like.svg":["assets/svg/like.svg"],"assets/svg/likeButtom.svg":["assets/svg/likeButtom.svg"],"assets/svg/location.svg":["assets/svg/location.svg"],"assets/svg/masters.svg":["assets/svg/masters.svg"],"assets/svg/medal.svg":["assets/svg/medal.svg"],"assets/svg/menu.svg":["assets/svg/menu.svg"],"assets/svg/noMembership.svg":["assets/svg/noMembership.svg"],"assets/svg/notification.svg":["assets/svg/notification.svg"],"assets/svg/outOfStock.svg":["assets/svg/outOfStock.svg"],"assets/svg/price.svg":["assets/svg/price.svg"],"assets/svg/profile1.svg":["assets/svg/profile1.svg"],"assets/svg/search.svg":["assets/svg/search.svg"],"assets/svg/selectBag.svg":["assets/svg/selectBag.svg"],"assets/svg/selectCalendar.svg":["assets/svg/selectCalendar.svg"],"assets/svg/selectHome.svg":["assets/svg/selectHome.svg"],"assets/svg/selectLike.svg":["assets/svg/selectLike.svg"],"assets/svg/selectMenu.svg":["assets/svg/selectMenu.svg"],"assets/svg/selectSearch.svg":["assets/svg/selectSearch.svg"],"assets/svg/service1.svg":["assets/svg/service1.svg"],"assets/svg/service_quality.svg":["assets/svg/service_quality.svg"],"assets/svg/share.svg":["assets/svg/share.svg"],"assets/svg/start.svg":["assets/svg/start.svg"],"assets/svg/unlike.svg":["assets/svg/unlike.svg"],"assets/svg/verify.svg":["assets/svg/verify.svg"],"packages/cupertino_icons/assets/CupertinoIcons.ttf":["packages/cupertino_icons/assets/CupertinoIcons.ttf"],"packages/flutter_remix/lib/fonts/FlutterRemix.ttf":["packages/flutter_remix/lib/fonts/FlutterRemix.ttf"],"packages/map_launcher/assets/icons/amap.svg":["packages/map_launcher/assets/icons/amap.svg"],"packages/map_launcher/assets/icons/apple.svg":["packages/map_launcher/assets/icons/apple.svg"],"packages/map_launcher/assets/icons/baidu.svg":["packages/map_launcher/assets/icons/baidu.svg"],"packages/map_launcher/assets/icons/citymapper.svg":["packages/map_launcher/assets/icons/citymapper.svg"],"packages/map_launcher/assets/icons/doubleGis.svg":["packages/map_launcher/assets/icons/doubleGis.svg"],"packages/map_launcher/assets/icons/google.svg":["packages/map_launcher/assets/icons/google.svg"],"packages/map_launcher/assets/icons/googleGo.svg":["packages/map_launcher/assets/icons/googleGo.svg"],"packages/map_launcher/assets/icons/here.svg":["packages/map_launcher/assets/icons/here.svg"],"packages/map_launcher/assets/icons/mapswithme.svg":["packages/map_launcher/assets/icons/mapswithme.svg"],"packages/map_launcher/assets/icons/osmand.svg":["packages/map_launcher/assets/icons/osmand.svg"],"packages/map_launcher/assets/icons/osmandplus.svg":["packages/map_launcher/assets/icons/osmandplus.svg"],"packages/map_launcher/assets/icons/petal.svg":["packages/map_launcher/assets/icons/petal.svg"],"packages/map_launcher/assets/icons/tencent.svg":["packages/map_launcher/assets/icons/tencent.svg"],"packages/map_launcher/assets/icons/tomtomgo.svg":["packages/map_launcher/assets/icons/tomtomgo.svg"],"packages/map_launcher/assets/icons/waze.svg":["packages/map_launcher/assets/icons/waze.svg"],"packages/map_launcher/assets/icons/yandexMaps.svg":["packages/map_launcher/assets/icons/yandexMaps.svg"],"packages/map_launcher/assets/icons/yandexNavi.svg":["packages/map_launcher/assets/icons/yandexNavi.svg"],"packages/wakelock_plus/assets/no_sleep.js":["packages/wakelock_plus/assets/no_sleep.js"]}