{"v":"5.9.6","fr":30,"ip":0,"op":200,"w":200,"h":200,"nm":"07 Picture","ddd":0,"assets":[],"layers":[{"ddd":0,"ind":1,"ty":3,"nm":"Color control","sr":1,"ks":{"o":{"a":0,"k":100,"ix":11},"r":{"a":0,"k":0,"ix":10},"p":{"a":0,"k":[100.75,100.5,0],"ix":2,"l":2},"a":{"a":0,"k":[200,200,0],"ix":1,"l":2},"s":{"a":0,"k":[52,52,100],"ix":6,"l":2}},"ao":0,"ef":[{"ty":5,"nm":"Line","np":3,"mn":"ADBE Color Control","ix":1,"en":1,"ef":[{"ty":2,"nm":"Color","mn":"ADBE Color Control-0001","ix":1,"v":{"a":0,"k":[0.266666680574,0.380392163992,0.450980395079,1],"ix":1}}]},{"ty":5,"nm":"Back","np":3,"mn":"ADBE Color Control","ix":2,"en":1,"ef":[{"ty":2,"nm":"Color","mn":"ADBE Color Control-0001","ix":1,"v":{"a":0,"k":[0.764705896378,0.831372559071,0.870588243008,1],"ix":1}}]},{"ty":5,"nm":"Global color on/off","np":3,"mn":"ADBE Checkbox Control","ix":3,"en":1,"ef":[{"ty":7,"nm":"Checkbox","mn":"ADBE Checkbox Control-0001","ix":1,"v":{"a":0,"k":1,"ix":1}}]}],"ip":0,"op":210,"st":0,"bm":0},{"ddd":0,"ind":2,"ty":4,"nm":"Mask 2","parent":7,"td":1,"sr":1,"ks":{"o":{"a":0,"k":100,"ix":11},"r":{"a":0,"k":0,"ix":10},"p":{"a":0,"k":[56,42,0],"ix":2,"l":2},"a":{"a":0,"k":[0,0,0],"ix":1,"l":2},"s":{"a":0,"k":[100,100,100],"ix":6,"l":2}},"ao":0,"shapes":[{"ty":"gr","it":[{"ind":0,"ty":"sh","ix":1,"ks":{"a":0,"k":{"i":[[9.25,0],[4.812,-0.062],[-0.125,-5.25],[-0.25,-6.125],[-4.125,4.062],[-0.375,-0.375],[-2.625,2.625],[-3.125,-3.125],[0,8.256]],"o":[[-9.25,0],[-3.312,0.188],[0.125,5.25],[1.188,-1.188],[3.25,1.875],[3.625,-3.875],[3.25,2.875],[-0.062,-12.25],[0,-5.688]],"v":[[27.625,-31.75],[-38.5,-31.5],[-45.562,-23.062],[-45.312,22.062],[-24.063,2.938],[-7.188,13.062],[17.562,-14.062],[40.625,4.688],[40.812,-22.375]],"c":true},"ix":2},"nm":"Path 1","mn":"ADBE Vector Shape - Group","hd":false},{"ty":"fl","c":{"a":0,"k":[0.637646963082,0.330585973403,0.228552994074,1],"ix":4},"o":{"a":0,"k":100,"ix":5},"r":1,"bm":0,"nm":"Fill 1","mn":"ADBE Vector Graphic - Fill","hd":false},{"ty":"tr","p":{"a":0,"k":[0,0],"ix":2},"a":{"a":0,"k":[0,0],"ix":1},"s":{"a":0,"k":[100,100],"ix":3},"r":{"a":0,"k":0,"ix":6},"o":{"a":0,"k":100,"ix":7},"sk":{"a":0,"k":0,"ix":4},"sa":{"a":0,"k":0,"ix":5},"nm":"Transform"}],"nm":"Shape 1","np":3,"cix":2,"bm":0,"ix":1,"mn":"ADBE Vector Group","hd":false}],"ip":0,"op":600,"st":0,"ct":1,"bm":0},{"ddd":0,"ind":3,"ty":4,"nm":"Line","parent":6,"tt":1,"sr":1,"ks":{"o":{"a":0,"k":100,"ix":11},"r":{"a":1,"k":[{"i":{"x":[0.667],"y":[1]},"o":{"x":[0.333],"y":[0]},"t":55,"s":[8.382]},{"i":{"x":[0.667],"y":[1]},"o":{"x":[0.333],"y":[0]},"t":85,"s":[-169.352]},{"i":{"x":[0.667],"y":[1]},"o":{"x":[0.333],"y":[0]},"t":100,"s":[-169.352]},{"i":{"x":[0.667],"y":[1]},"o":{"x":[0.333],"y":[0]},"t":130,"s":[-342.68]},{"i":{"x":[0.667],"y":[1]},"o":{"x":[0.333],"y":[0]},"t":145,"s":[-342.68]},{"i":{"x":[0.667],"y":[1]},"o":{"x":[0.333],"y":[0]},"t":175,"s":[-537.223]},{"t":190,"s":[-537.223]}],"ix":10},"p":{"a":0,"k":[73.656,73.567,0],"ix":2,"l":2},"a":{"a":0,"k":[10.386,10.386,0],"ix":1,"l":2},"s":{"a":0,"k":[350.801,350.801,100],"ix":6,"l":2}},"ao":0,"shapes":[{"ty":"gr","it":[{"ind":0,"ty":"sh","ix":1,"ks":{"a":0,"k":{"i":[[-4.043,5.302],[2.974,0],[0,2.975],[-2.975,0]],"o":[[0,2.975],[-2.975,0],[0,-2.975],[-5.131,3.816]],"v":[[5.387,0],[0.001,5.386],[-5.387,0],[0.001,-5.386]],"c":true},"ix":2},"nm":"Path 1","mn":"ADBE Vector Shape - Group","hd":false},{"ty":"fl","c":{"a":0,"k":[0.764999988032,0.830999995213,0.870999983245,1],"ix":4,"x":"var $bm_rt;\nvar a;\n$bm_rt = a = thisComp.layer('Color control').effect('Global color on/off')('Checkbox');\nif (a == 0)\n    $bm_rt = thisComp.layer('Color control').effect('Line')('Color');\nelse\n    $bm_rt = comp('*All icons').layer('Master color').effect('Line')('Color');"},"o":{"a":0,"k":100,"ix":5},"r":1,"bm":0,"nm":"Fill 1","mn":"ADBE Vector Graphic - Fill","hd":false},{"ty":"tr","p":{"a":0,"k":[10.386,10.386],"ix":2},"a":{"a":0,"k":[0,0],"ix":1},"s":{"a":0,"k":[100,100],"ix":3},"r":{"a":0,"k":0,"ix":6},"o":{"a":0,"k":100,"ix":7},"sk":{"a":0,"k":0,"ix":4},"sa":{"a":0,"k":0,"ix":5},"nm":"Transform"}],"nm":"Group 1","np":3,"cix":2,"bm":0,"ix":1,"mn":"ADBE Vector Group","hd":false}],"ip":0,"op":600,"st":0,"ct":1,"bm":0},{"ddd":0,"ind":4,"ty":4,"nm":"Mask","parent":7,"td":1,"sr":1,"ks":{"o":{"a":0,"k":100,"ix":11},"r":{"a":0,"k":0,"ix":10},"p":{"a":0,"k":[56,42,0],"ix":2,"l":2},"a":{"a":0,"k":[0,0,0],"ix":1,"l":2},"s":{"a":0,"k":[100,100,100],"ix":6,"l":2}},"ao":0,"shapes":[{"ty":"gr","it":[{"ind":0,"ty":"sh","ix":1,"ks":{"a":0,"k":{"i":[[9.25,0],[4.812,-0.062],[-0.125,-5.25],[-0.25,-6.125],[-4.125,4.062],[-0.375,-0.375],[-2.625,2.625],[-3.125,-3.125],[0,8.256]],"o":[[-9.25,0],[-3.312,0.188],[0.125,5.25],[1.188,-1.188],[3.25,1.875],[3.625,-3.875],[3.25,2.875],[-0.062,-12.25],[0,-5.688]],"v":[[27.625,-31.75],[-38.5,-31.5],[-45.562,-23.062],[-45.312,22.062],[-24.063,2.938],[-7.188,13.062],[17.562,-14.062],[40.625,4.688],[40.812,-22.375]],"c":true},"ix":2},"nm":"Path 1","mn":"ADBE Vector Shape - Group","hd":false},{"ty":"fl","c":{"a":0,"k":[0.637646963082,0.330585973403,0.228552994074,1],"ix":4},"o":{"a":0,"k":100,"ix":5},"r":1,"bm":0,"nm":"Fill 1","mn":"ADBE Vector Graphic - Fill","hd":false},{"ty":"tr","p":{"a":0,"k":[0,0],"ix":2},"a":{"a":0,"k":[0,0],"ix":1},"s":{"a":0,"k":[100,100],"ix":3},"r":{"a":0,"k":0,"ix":6},"o":{"a":0,"k":100,"ix":7},"sk":{"a":0,"k":0,"ix":4},"sa":{"a":0,"k":0,"ix":5},"nm":"Transform"}],"nm":"Shape 1","np":3,"cix":2,"bm":0,"ix":1,"mn":"ADBE Vector Group","hd":false}],"ip":0,"op":600,"st":0,"ct":1,"bm":0},{"ddd":0,"ind":5,"ty":4,"nm":"Line","parent":6,"tt":1,"sr":1,"ks":{"o":{"a":0,"k":100,"ix":11},"r":{"a":0,"k":0,"ix":10},"p":{"a":0,"k":[-74.866,-74.955,0],"ix":2,"l":2},"a":{"a":0,"k":[10.386,10.386,0],"ix":1,"l":2},"s":{"a":0,"k":[350.801,350.801,100],"ix":6,"l":2}},"ao":0,"shapes":[{"ty":"gr","it":[{"ind":0,"ty":"sh","ix":1,"ks":{"a":0,"k":{"i":[[0,-2.975],[2.974,0],[0,2.975],[-2.975,0]],"o":[[0,2.975],[-2.975,0],[0,-2.975],[2.974,0]],"v":[[5.387,0],[0.001,5.386],[-5.387,0],[0.001,-5.386]],"c":true},"ix":2},"nm":"Path 1","mn":"ADBE Vector Shape - Group","hd":false},{"ty":"st","c":{"a":0,"k":[0.26699999641,0.380000005984,0.451000019148,1],"ix":3,"x":"var $bm_rt;\nvar a;\n$bm_rt = a = thisComp.layer('Color control').effect('Global color on/off')('Checkbox');\nif (a == 0)\n    $bm_rt = thisComp.layer('Color control').effect('Line')('Color');\nelse\n    $bm_rt = comp('*All icons').layer('Master color').effect('Line')('Color');"},"o":{"a":0,"k":100,"ix":4},"w":{"a":0,"k":2,"ix":5},"lc":2,"lj":2,"bm":0,"nm":"Stroke 1","mn":"ADBE Vector Graphic - Stroke","hd":false},{"ty":"tr","p":{"a":0,"k":[10.386,10.386],"ix":2},"a":{"a":0,"k":[0,0],"ix":1},"s":{"a":0,"k":[100,100],"ix":3},"r":{"a":0,"k":0,"ix":6},"o":{"a":0,"k":100,"ix":7},"sk":{"a":0,"k":0,"ix":4},"sa":{"a":0,"k":0,"ix":5},"nm":"Transform"}],"nm":"Group 1","np":2,"cix":2,"bm":0,"ix":1,"mn":"ADBE Vector Group","hd":false}],"ip":0,"op":600,"st":0,"ct":1,"bm":0},{"ddd":0,"ind":6,"ty":4,"nm":"Shape Layer 1","parent":7,"sr":1,"ks":{"o":{"a":0,"k":0,"ix":11},"r":{"a":1,"k":[{"i":{"x":[0.667],"y":[1]},"o":{"x":[0.333],"y":[0]},"t":23,"s":[-72.732]},{"i":{"x":[0.667],"y":[1]},"o":{"x":[0.333],"y":[0]},"t":40,"s":[18.164]},{"i":{"x":[0.667],"y":[1]},"o":{"x":[0.333],"y":[0]},"t":55,"s":[18.164]},{"i":{"x":[0.667],"y":[1]},"o":{"x":[0.333],"y":[0]},"t":85,"s":[195.139]},{"i":{"x":[0.667],"y":[1]},"o":{"x":[0.333],"y":[0]},"t":100,"s":[195.139]},{"i":{"x":[0.667],"y":[1]},"o":{"x":[0.333],"y":[0]},"t":130,"s":[378.416]},{"i":{"x":[0.667],"y":[1]},"o":{"x":[0.333],"y":[0]},"t":145,"s":[378.416]},{"i":{"x":[0.667],"y":[1]},"o":{"x":[0.333],"y":[0]},"t":175,"s":[560.198]},{"i":{"x":[0.833],"y":[1]},"o":{"x":[0.333],"y":[0]},"t":190,"s":[560.198]},{"i":{"x":[0.667],"y":[1]},"o":{"x":[0.167],"y":[0]},"t":220,"s":[731.046]},{"i":{"x":[0.667],"y":[1]},"o":{"x":[0.333],"y":[0]},"t":239,"s":[743.268]},{"i":{"x":[0.667],"y":[1]},"o":{"x":[0.333],"y":[0]},"t":256,"s":[834.164]},{"i":{"x":[0.667],"y":[1]},"o":{"x":[0.333],"y":[0]},"t":271,"s":[834.164]},{"i":{"x":[0.667],"y":[1]},"o":{"x":[0.333],"y":[0]},"t":301,"s":[1011.139]},{"i":{"x":[0.667],"y":[1]},"o":{"x":[0.333],"y":[0]},"t":316,"s":[1011.139]},{"i":{"x":[0.667],"y":[1]},"o":{"x":[0.333],"y":[0]},"t":346,"s":[1194.416]},{"i":{"x":[0.667],"y":[1]},"o":{"x":[0.333],"y":[0]},"t":361,"s":[1194.416]},{"i":{"x":[0.667],"y":[1]},"o":{"x":[0.333],"y":[0]},"t":391,"s":[1376.198]},{"i":{"x":[0.833],"y":[1]},"o":{"x":[0.333],"y":[0]},"t":406,"s":[1376.198]},{"i":{"x":[0.833],"y":[1]},"o":{"x":[0.167],"y":[0]},"t":436,"s":[1547.046]},{"i":{"x":[0.667],"y":[1]},"o":{"x":[0.167],"y":[0]},"t":459,"s":[1559.046]},{"i":{"x":[0.667],"y":[1]},"o":{"x":[0.333],"y":[0]},"t":478,"s":[1571.268]},{"i":{"x":[0.667],"y":[1]},"o":{"x":[0.333],"y":[0]},"t":495,"s":[1662.164]},{"i":{"x":[0.667],"y":[1]},"o":{"x":[0.333],"y":[0]},"t":510,"s":[1662.164]},{"i":{"x":[0.667],"y":[1]},"o":{"x":[0.333],"y":[0]},"t":540,"s":[1839.139]},{"i":{"x":[0.667],"y":[1]},"o":{"x":[0.333],"y":[0]},"t":555,"s":[1839.139]},{"i":{"x":[0.667],"y":[1]},"o":{"x":[0.333],"y":[0]},"t":585,"s":[2022.416]},{"i":{"x":[0.667],"y":[1]},"o":{"x":[0.333],"y":[0]},"t":600,"s":[2022.416]},{"i":{"x":[0.667],"y":[1]},"o":{"x":[0.333],"y":[0]},"t":630,"s":[2204.198]},{"i":{"x":[0.833],"y":[1]},"o":{"x":[0.333],"y":[0]},"t":645,"s":[2204.198]},{"t":675,"s":[1547.046]}],"ix":10},"p":{"a":0,"k":[50,54.5,0],"ix":2,"l":2},"a":{"a":0,"k":[0,0,0],"ix":1,"l":2},"s":{"a":0,"k":[28.506,28.506,100],"ix":6,"l":2}},"ao":0,"shapes":[{"ty":"gr","it":[{"d":1,"ty":"el","s":{"a":0,"k":[200,200],"ix":2},"p":{"a":0,"k":[0,0],"ix":3},"nm":"Ellipse Path 1","mn":"ADBE Vector Shape - Ellipse","hd":false},{"ty":"fl","c":{"a":0,"k":[0.637646963082,0.330585973403,0.228552994074,1],"ix":4},"o":{"a":0,"k":100,"ix":5},"r":1,"bm":0,"nm":"Fill 1","mn":"ADBE Vector Graphic - Fill","hd":false},{"ty":"tr","p":{"a":0,"k":[0,0],"ix":2},"a":{"a":0,"k":[0,0],"ix":1},"s":{"a":0,"k":[100,100],"ix":3},"r":{"a":0,"k":0,"ix":6},"o":{"a":0,"k":100,"ix":7},"sk":{"a":0,"k":0,"ix":4},"sa":{"a":0,"k":0,"ix":5},"nm":"Transform"}],"nm":"Ellipse 1","np":3,"cix":2,"bm":0,"ix":1,"mn":"ADBE Vector Group","hd":false}],"ip":0,"op":600,"st":0,"ct":1,"bm":0},{"ddd":0,"ind":7,"ty":4,"nm":"Line","sr":1,"ks":{"o":{"a":0,"k":100,"ix":11},"r":{"a":1,"k":[{"i":{"x":[0.491],"y":[1]},"o":{"x":[0.429],"y":[0]},"t":1,"s":[-39]},{"i":{"x":[0.588],"y":[1]},"o":{"x":[0.486],"y":[0]},"t":16,"s":[6]},{"t":25,"s":[0]}],"ix":10},"p":{"a":1,"k":[{"i":{"x":0.667,"y":1},"o":{"x":0.333,"y":0.437},"t":23,"s":[54.008,68.016,0],"to":[0,-1.167,0],"ti":[0,0,0]},{"i":{"x":0.667,"y":0.546},"o":{"x":0.333,"y":0},"t":48,"s":[54.008,61.016,0],"to":[0,0,0],"ti":[0,0,0]},{"i":{"x":0.667,"y":1},"o":{"x":0.333,"y":0.475},"t":70,"s":[54.008,68.016,0],"to":[0,0,0],"ti":[0,0,0]},{"i":{"x":0.667,"y":0.616},"o":{"x":0.333,"y":0},"t":93,"s":[54.008,61.016,0],"to":[0,0,0],"ti":[0,0,0]},{"i":{"x":0.667,"y":1},"o":{"x":0.333,"y":0.475},"t":115,"s":[54.008,68.016,0],"to":[0,0,0],"ti":[0,0,0]},{"i":{"x":0.667,"y":0.616},"o":{"x":0.333,"y":0},"t":138,"s":[54.008,61.016,0],"to":[0,0,0],"ti":[0,0,0]},{"i":{"x":0.667,"y":1},"o":{"x":0.333,"y":0.475},"t":160,"s":[54.008,68.016,0],"to":[0,0,0],"ti":[0,0,0]},{"i":{"x":0.704,"y":0.596},"o":{"x":0.333,"y":0},"t":183,"s":[54.008,61.016,0],"to":[0,0,0],"ti":[0,0,0]},{"i":{"x":0.667,"y":1},"o":{"x":0.333,"y":0.475},"t":205,"s":[54.008,68.016,0],"to":[0,0,0],"ti":[0,0,0]},{"i":{"x":0.667,"y":1},"o":{"x":0.333,"y":0},"t":228,"s":[54.008,61.016,0],"to":[0,0,0],"ti":[0,0,0]},{"i":{"x":0.667,"y":1},"o":{"x":0.333,"y":0.437},"t":239,"s":[54.008,68.016,0],"to":[0,0,0],"ti":[0,0,0]},{"i":{"x":0.667,"y":0.546},"o":{"x":0.333,"y":0},"t":264,"s":[54.008,61.016,0],"to":[0,0,0],"ti":[0,0,0]},{"i":{"x":0.667,"y":1},"o":{"x":0.333,"y":0.475},"t":286,"s":[54.008,68.016,0],"to":[0,0,0],"ti":[0,0,0]},{"i":{"x":0.667,"y":0.616},"o":{"x":0.333,"y":0},"t":309,"s":[54.008,61.016,0],"to":[0,0,0],"ti":[0,0,0]},{"i":{"x":0.667,"y":1},"o":{"x":0.333,"y":0.475},"t":331,"s":[54.008,68.016,0],"to":[0,0,0],"ti":[0,0,0]},{"i":{"x":0.667,"y":0.616},"o":{"x":0.333,"y":0},"t":354,"s":[54.008,61.016,0],"to":[0,0,0],"ti":[0,0,0]},{"i":{"x":0.667,"y":1},"o":{"x":0.333,"y":0.475},"t":376,"s":[54.008,68.016,0],"to":[0,0,0],"ti":[0,0,0]},{"i":{"x":0.704,"y":0.596},"o":{"x":0.333,"y":0},"t":399,"s":[54.008,61.016,0],"to":[0,0,0],"ti":[0,0,0]},{"i":{"x":0.667,"y":1},"o":{"x":0.333,"y":0.475},"t":421,"s":[54.008,68.016,0],"to":[0,0,0],"ti":[0,0,0]},{"i":{"x":0.667,"y":1},"o":{"x":0.333,"y":0},"t":444,"s":[54.008,61.016,0],"to":[0,0,0],"ti":[0,0,0]},{"i":{"x":0.667,"y":1},"o":{"x":0.333,"y":0.437},"t":466,"s":[54.008,68.016,0],"to":[0,0,0],"ti":[0,0,0]},{"i":{"x":0.667,"y":0.546},"o":{"x":0.333,"y":0},"t":491,"s":[54.008,61.016,0],"to":[0,0,0],"ti":[0,0,0]},{"i":{"x":0.667,"y":1},"o":{"x":0.333,"y":0.475},"t":513,"s":[54.008,68.016,0],"to":[0,0,0],"ti":[0,0,0]},{"i":{"x":0.667,"y":0.616},"o":{"x":0.333,"y":0},"t":536,"s":[54.008,61.016,0],"to":[0,0,0],"ti":[0,0,0]},{"i":{"x":0.667,"y":1},"o":{"x":0.333,"y":0.475},"t":558,"s":[54.008,68.016,0],"to":[0,0,0],"ti":[0,0,0]},{"i":{"x":0.667,"y":0.616},"o":{"x":0.333,"y":0},"t":581,"s":[54.008,61.016,0],"to":[0,0,0],"ti":[0,0,0]},{"i":{"x":0.667,"y":1},"o":{"x":0.333,"y":0.475},"t":603,"s":[54.008,68.016,0],"to":[0,0,0],"ti":[0,0,0]},{"i":{"x":0.704,"y":0.596},"o":{"x":0.333,"y":0},"t":626,"s":[54.008,61.016,0],"to":[0,0,0],"ti":[0,0,0]},{"i":{"x":0.667,"y":1},"o":{"x":0.333,"y":0.475},"t":648,"s":[54.008,68.016,0],"to":[0,0,0],"ti":[0,0,0]},{"i":{"x":0.667,"y":1},"o":{"x":0.333,"y":0},"t":671,"s":[54.008,61.016,0],"to":[0,0,0],"ti":[0,0,0]},{"i":{"x":0.667,"y":1},"o":{"x":0.333,"y":0.437},"t":682,"s":[54.008,68.016,0],"to":[0,0,0],"ti":[0,0,0]},{"i":{"x":0.667,"y":0.546},"o":{"x":0.333,"y":0},"t":707,"s":[54.008,61.016,0],"to":[0,0,0],"ti":[0,0,0]},{"i":{"x":0.667,"y":1},"o":{"x":0.333,"y":0.475},"t":729,"s":[54.008,68.016,0],"to":[0,0,0],"ti":[0,0,0]},{"i":{"x":0.667,"y":0.616},"o":{"x":0.333,"y":0},"t":752,"s":[54.008,61.016,0],"to":[0,0,0],"ti":[0,0,0]},{"i":{"x":0.667,"y":1},"o":{"x":0.333,"y":0.475},"t":774,"s":[54.008,68.016,0],"to":[0,0,0],"ti":[0,0,0]},{"i":{"x":0.667,"y":0.616},"o":{"x":0.333,"y":0},"t":797,"s":[54.008,61.016,0],"to":[0,0,0],"ti":[0,0,0]},{"i":{"x":0.667,"y":1},"o":{"x":0.333,"y":0.475},"t":819,"s":[54.008,68.016,0],"to":[0,0,0],"ti":[0,0,0]},{"i":{"x":0.704,"y":0.596},"o":{"x":0.333,"y":0},"t":842,"s":[54.008,61.016,0],"to":[0,0,0],"ti":[0,0,0]},{"i":{"x":0.667,"y":1},"o":{"x":0.333,"y":0.475},"t":864,"s":[54.008,68.016,0],"to":[0,0,0],"ti":[0,1.167,0]},{"t":887,"s":[54.008,61.016,0]}],"ix":2,"l":2},"a":{"a":0,"k":[10.008,10.016,0],"ix":1,"l":2},"s":{"a":0,"k":[100,100,100],"ix":6,"l":2}},"ao":0,"shapes":[{"ty":"gr","it":[{"ind":0,"ty":"sh","ix":1,"ks":{"a":0,"k":{"i":[[0,0],[5.523,0],[0,0],[0,5.523],[0,0],[-5.523,0],[0,0],[0,-5.523]],"o":[[0,5.523],[0,0],[-5.523,0],[0,0],[0,-5.523],[0,0],[5.523,0],[0,0]],"v":[[43.5,24.5],[33.5,34.5],[-33.5,34.5],[-43.5,24.5],[-43.5,-24.5],[-33.5,-34.5],[33.5,-34.5],[43.5,-24.5]],"c":true},"ix":2},"nm":"Path 1","mn":"ADBE Vector Shape - Group","hd":false},{"ty":"st","c":{"a":0,"k":[0.26699999641,0.380000005984,0.451000019148,1],"ix":3,"x":"var $bm_rt;\nvar a;\n$bm_rt = a = thisComp.layer('Color control').effect('Global color on/off')('Checkbox');\nif (a == 0)\n    $bm_rt = thisComp.layer('Color control').effect('Line')('Color');\nelse\n    $bm_rt = comp('*All icons').layer('Master color').effect('Line')('Color');"},"o":{"a":0,"k":100,"ix":4},"w":{"a":0,"k":4,"ix":5},"lc":2,"lj":2,"bm":0,"nm":"Stroke 1","mn":"ADBE Vector Graphic - Stroke","hd":false},{"ty":"tr","p":{"a":0,"k":[53.5,44.5],"ix":2},"a":{"a":0,"k":[0,0],"ix":1},"s":{"a":0,"k":[100,100],"ix":3},"r":{"a":0,"k":0,"ix":6},"o":{"a":0,"k":100,"ix":7},"sk":{"a":0,"k":0,"ix":4},"sa":{"a":0,"k":0,"ix":5},"nm":"Transform"}],"nm":"Group 1","np":2,"cix":2,"bm":0,"ix":1,"mn":"ADBE Vector Group","hd":false},{"ty":"tm","s":{"a":0,"k":0,"ix":1},"e":{"a":1,"k":[{"i":{"x":[0.667],"y":[1]},"o":{"x":[0.333],"y":[0]},"t":1,"s":[0]},{"t":23,"s":[100]}],"ix":2},"o":{"a":0,"k":-169,"ix":3},"m":1,"ix":2,"nm":"Trim Paths 1","mn":"ADBE Vector Filter - Trim","hd":false}],"ip":0,"op":600,"st":0,"ct":1,"bm":0},{"ddd":0,"ind":8,"ty":4,"nm":"Line","parent":7,"sr":1,"ks":{"o":{"a":0,"k":100,"ix":11},"r":{"a":0,"k":0,"ix":10},"p":{"a":0,"k":[53.599,46.824,0],"ix":2,"l":2},"a":{"a":0,"k":[52.714,28.217,0],"ix":1,"l":2},"s":{"a":0,"k":[100,100,100],"ix":6,"l":2}},"ao":0,"shapes":[{"ty":"gr","it":[{"ind":0,"ty":"sh","ix":1,"ks":{"a":0,"k":{"i":[[0,0],[0,0],[0,0],[0,0],[0,0]],"o":[[0,0],[0,0],[0,0],[0,0],[0,0]],"v":[[-42.714,18.217],[-21.754,-0.999],[-4.902,9.217],[19.932,-18.217],[42.714,0.614]],"c":false},"ix":2},"nm":"Path 1","mn":"ADBE Vector Shape - Group","hd":false},{"ty":"st","c":{"a":0,"k":[0.26699999641,0.380000005984,0.451000019148,1],"ix":3,"x":"var $bm_rt;\nvar a;\n$bm_rt = a = thisComp.layer('Color control').effect('Global color on/off')('Checkbox');\nif (a == 0)\n    $bm_rt = thisComp.layer('Color control').effect('Line')('Color');\nelse\n    $bm_rt = comp('*All icons').layer('Master color').effect('Line')('Color');"},"o":{"a":0,"k":100,"ix":4},"w":{"a":0,"k":4,"ix":5},"lc":2,"lj":2,"bm":0,"nm":"Stroke 1","mn":"ADBE Vector Graphic - Stroke","hd":false},{"ty":"tr","p":{"a":0,"k":[52.714,28.218],"ix":2},"a":{"a":0,"k":[0,0],"ix":1},"s":{"a":0,"k":[100,100],"ix":3},"r":{"a":0,"k":0,"ix":6},"o":{"a":0,"k":100,"ix":7},"sk":{"a":0,"k":0,"ix":4},"sa":{"a":0,"k":0,"ix":5},"nm":"Transform"}],"nm":"Group 1","np":2,"cix":2,"bm":0,"ix":1,"mn":"ADBE Vector Group","hd":false},{"ty":"tm","s":{"a":1,"k":[{"i":{"x":[0.667],"y":[1]},"o":{"x":[0.333],"y":[0]},"t":9,"s":[50]},{"t":23,"s":[0]}],"ix":1},"e":{"a":1,"k":[{"i":{"x":[0.667],"y":[1]},"o":{"x":[0.333],"y":[0]},"t":14,"s":[50]},{"t":29,"s":[100]}],"ix":2},"o":{"a":0,"k":171,"ix":3},"m":1,"ix":2,"nm":"Trim Paths 1","mn":"ADBE Vector Filter - Trim","hd":false}],"ip":0,"op":600,"st":0,"ct":1,"bm":0},{"ddd":0,"ind":10,"ty":4,"nm":"Line","parent":7,"sr":1,"ks":{"o":{"a":0,"k":100,"ix":11},"r":{"a":0,"k":0,"ix":10},"p":{"a":0,"k":[43.955,53.149,0],"ix":2,"l":2},"a":{"a":0,"k":[22.11,17.325,0],"ix":1,"l":2},"s":{"a":0,"k":[100,100,100],"ix":6,"l":2}},"ao":0,"shapes":[{"ty":"gr","it":[{"ind":0,"ty":"sh","ix":1,"ks":{"a":0,"k":{"i":[[0,0],[0,0]],"o":[[0,0],[0,0]],"v":[[-0.62,-0.375],[12.109,7.325]],"c":false},"ix":2},"nm":"Path 1","mn":"ADBE Vector Shape - Group","hd":false},{"ty":"st","c":{"a":0,"k":[0.26699999641,0.380000005984,0.451000019148,1],"ix":3,"x":"var $bm_rt;\nvar a;\n$bm_rt = a = thisComp.layer('Color control').effect('Global color on/off')('Checkbox');\nif (a == 0)\n    $bm_rt = thisComp.layer('Color control').effect('Line')('Color');\nelse\n    $bm_rt = comp('*All icons').layer('Master color').effect('Line')('Color');"},"o":{"a":0,"k":100,"ix":4},"w":{"a":0,"k":4,"ix":5},"lc":2,"lj":2,"bm":0,"nm":"Stroke 1","mn":"ADBE Vector Graphic - Stroke","hd":false},{"ty":"tr","p":{"a":0,"k":[22.109,17.325],"ix":2},"a":{"a":0,"k":[0,0],"ix":1},"s":{"a":0,"k":[100,100],"ix":3},"r":{"a":0,"k":0,"ix":6},"o":{"a":0,"k":100,"ix":7},"sk":{"a":0,"k":0,"ix":4},"sa":{"a":0,"k":0,"ix":5},"nm":"Transform"}],"nm":"Group 1","np":2,"cix":2,"bm":0,"ix":1,"mn":"ADBE Vector Group","hd":false},{"ty":"tm","s":{"a":0,"k":0,"ix":1},"e":{"a":1,"k":[{"i":{"x":[0.833],"y":[0.833]},"o":{"x":[0.167],"y":[0.167]},"t":24,"s":[0]},{"t":29,"s":[100]}],"ix":2},"o":{"a":0,"k":0,"ix":3},"m":1,"ix":2,"nm":"Trim Paths 1","mn":"ADBE Vector Filter - Trim","hd":false}],"ip":0,"op":600,"st":0,"ct":1,"bm":0},{"ddd":0,"ind":11,"ty":4,"nm":"Line","parent":12,"sr":1,"ks":{"o":{"a":0,"k":100,"ix":11},"r":{"a":0,"k":0,"ix":10},"p":{"a":0,"k":[38.5,-2,0],"ix":2,"l":2},"a":{"a":0,"k":[29.5,5,0],"ix":1,"l":2},"s":{"a":0,"k":[100,100,100],"ix":6,"l":2}},"ao":0,"shapes":[{"ty":"gr","it":[{"ind":0,"ty":"sh","ix":1,"ks":{"a":0,"k":{"i":[[0,0],[0,0]],"o":[[0,0],[0,0]],"v":[[5,5],[54,5]],"c":false},"ix":2},"nm":"Path 1","mn":"ADBE Vector Shape - Group","hd":false},{"ty":"st","c":{"a":0,"k":[0.26699999641,0.380000005984,0.451000019148,1],"ix":3,"x":"var $bm_rt;\nvar a;\n$bm_rt = a = thisComp.layer('Color control').effect('Global color on/off')('Checkbox');\nif (a == 0)\n    $bm_rt = thisComp.layer('Color control').effect('Line')('Color');\nelse\n    $bm_rt = comp('*All icons').layer('Master color').effect('Line')('Color');"},"o":{"a":0,"k":100,"ix":4},"w":{"a":0,"k":2,"ix":5},"lc":2,"lj":2,"bm":0,"nm":"Stroke 1","mn":"ADBE Vector Graphic - Stroke","hd":false},{"ty":"tr","p":{"a":0,"k":[0,0],"ix":2},"a":{"a":0,"k":[0,0],"ix":1},"s":{"a":0,"k":[100,100],"ix":3},"r":{"a":0,"k":0,"ix":6},"o":{"a":0,"k":100,"ix":7},"sk":{"a":0,"k":0,"ix":4},"sa":{"a":0,"k":0,"ix":5},"nm":"Transform"}],"nm":"Group 1","np":2,"cix":2,"bm":0,"ix":1,"mn":"ADBE Vector Group","hd":false},{"ty":"tm","s":{"a":0,"k":0,"ix":1},"e":{"a":1,"k":[{"i":{"x":[0.667],"y":[1]},"o":{"x":[0.333],"y":[0]},"t":10,"s":[0]},{"t":20,"s":[100]}],"ix":2},"o":{"a":0,"k":0,"ix":3},"m":1,"ix":2,"nm":"Trim Paths 1","mn":"ADBE Vector Filter - Trim","hd":false}],"ip":0,"op":600,"st":0,"ct":1,"bm":0},{"ddd":0,"ind":12,"ty":4,"nm":"Line","sr":1,"ks":{"o":{"a":0,"k":100,"ix":11},"r":{"a":0,"k":0,"ix":10},"p":{"a":1,"k":[{"i":{"x":0.667,"y":1},"o":{"x":0.333,"y":0.437},"t":23,"s":[98.008,60.016,0],"to":[0,-1.167,0],"ti":[0,0,0]},{"i":{"x":0.667,"y":0.546},"o":{"x":0.333,"y":0},"t":48,"s":[98.008,53.016,0],"to":[0,0,0],"ti":[0,0,0]},{"i":{"x":0.667,"y":1},"o":{"x":0.333,"y":0.475},"t":70,"s":[98.008,60.016,0],"to":[0,0,0],"ti":[0,0,0]},{"i":{"x":0.667,"y":0.616},"o":{"x":0.333,"y":0},"t":93,"s":[98.008,53.016,0],"to":[0,0,0],"ti":[0,0,0]},{"i":{"x":0.667,"y":1},"o":{"x":0.333,"y":0.475},"t":115,"s":[98.008,60.016,0],"to":[0,0,0],"ti":[0,0,0]},{"i":{"x":0.667,"y":0.616},"o":{"x":0.333,"y":0},"t":138,"s":[98.008,53.016,0],"to":[0,0,0],"ti":[0,0,0]},{"i":{"x":0.667,"y":1},"o":{"x":0.333,"y":0.475},"t":160,"s":[98.008,60.016,0],"to":[0,0,0],"ti":[0,0,0]},{"i":{"x":0.704,"y":0.596},"o":{"x":0.333,"y":0},"t":183,"s":[98.008,53.016,0],"to":[0,0,0],"ti":[0,0,0]},{"i":{"x":0.667,"y":1},"o":{"x":0.333,"y":0.475},"t":205,"s":[98.008,60.016,0],"to":[0,0,0],"ti":[0,0,0]},{"i":{"x":0.667,"y":1},"o":{"x":0.333,"y":0},"t":228,"s":[98.008,53.016,0],"to":[0,0,0],"ti":[0,0,0]},{"i":{"x":0.667,"y":1},"o":{"x":0.333,"y":0.437},"t":239,"s":[98.008,60.016,0],"to":[0,0,0],"ti":[0,0,0]},{"i":{"x":0.667,"y":0.546},"o":{"x":0.333,"y":0},"t":264,"s":[98.008,53.016,0],"to":[0,0,0],"ti":[0,0,0]},{"i":{"x":0.667,"y":1},"o":{"x":0.333,"y":0.475},"t":286,"s":[98.008,60.016,0],"to":[0,0,0],"ti":[0,0,0]},{"i":{"x":0.667,"y":0.616},"o":{"x":0.333,"y":0},"t":309,"s":[98.008,53.016,0],"to":[0,0,0],"ti":[0,0,0]},{"i":{"x":0.667,"y":1},"o":{"x":0.333,"y":0.475},"t":331,"s":[98.008,60.016,0],"to":[0,0,0],"ti":[0,0,0]},{"i":{"x":0.667,"y":0.616},"o":{"x":0.333,"y":0},"t":354,"s":[98.008,53.016,0],"to":[0,0,0],"ti":[0,0,0]},{"i":{"x":0.667,"y":1},"o":{"x":0.333,"y":0.475},"t":376,"s":[98.008,60.016,0],"to":[0,0,0],"ti":[0,0,0]},{"i":{"x":0.704,"y":0.596},"o":{"x":0.333,"y":0},"t":399,"s":[98.008,53.016,0],"to":[0,0,0],"ti":[0,0,0]},{"i":{"x":0.667,"y":1},"o":{"x":0.333,"y":0.475},"t":421,"s":[98.008,60.016,0],"to":[0,0,0],"ti":[0,1.167,0]},{"i":{"x":0.667,"y":0.667},"o":{"x":0.333,"y":0.333},"t":444,"s":[98.008,53.016,0],"to":[0,0,0],"ti":[0,0,0]},{"i":{"x":0.667,"y":0.546},"o":{"x":0.333,"y":0},"t":466,"s":[98.008,53.016,0],"to":[0,1.167,0],"ti":[0,0,0]},{"i":{"x":0.667,"y":1},"o":{"x":0.333,"y":0.475},"t":488,"s":[98.008,60.016,0],"to":[0,0,0],"ti":[0,0,0]},{"i":{"x":0.667,"y":0.616},"o":{"x":0.333,"y":0},"t":511,"s":[98.008,53.016,0],"to":[0,0,0],"ti":[0,0,0]},{"i":{"x":0.667,"y":1},"o":{"x":0.333,"y":0.475},"t":533,"s":[98.008,60.016,0],"to":[0,0,0],"ti":[0,0,0]},{"i":{"x":0.667,"y":0.616},"o":{"x":0.333,"y":0},"t":556,"s":[98.008,53.016,0],"to":[0,0,0],"ti":[0,0,0]},{"i":{"x":0.667,"y":1},"o":{"x":0.333,"y":0.475},"t":578,"s":[98.008,60.016,0],"to":[0,0,0],"ti":[0,0,0]},{"i":{"x":0.704,"y":0.596},"o":{"x":0.333,"y":0},"t":601,"s":[98.008,53.016,0],"to":[0,0,0],"ti":[0,0,0]},{"i":{"x":0.667,"y":1},"o":{"x":0.333,"y":0.475},"t":623,"s":[98.008,60.016,0],"to":[0,0,0],"ti":[0,0,0]},{"i":{"x":0.667,"y":1},"o":{"x":0.333,"y":0},"t":646,"s":[98.008,53.016,0],"to":[0,0,0],"ti":[0,0,0]},{"i":{"x":0.667,"y":1},"o":{"x":0.333,"y":0.437},"t":657,"s":[98.008,60.016,0],"to":[0,0,0],"ti":[0,0,0]},{"i":{"x":0.667,"y":0.546},"o":{"x":0.333,"y":0},"t":682,"s":[98.008,53.016,0],"to":[0,0,0],"ti":[0,0,0]},{"i":{"x":0.667,"y":1},"o":{"x":0.333,"y":0.475},"t":704,"s":[98.008,60.016,0],"to":[0,0,0],"ti":[0,0,0]},{"i":{"x":0.667,"y":0.616},"o":{"x":0.333,"y":0},"t":727,"s":[98.008,53.016,0],"to":[0,0,0],"ti":[0,0,0]},{"i":{"x":0.667,"y":1},"o":{"x":0.333,"y":0.475},"t":749,"s":[98.008,60.016,0],"to":[0,0,0],"ti":[0,0,0]},{"i":{"x":0.667,"y":0.616},"o":{"x":0.333,"y":0},"t":772,"s":[98.008,53.016,0],"to":[0,0,0],"ti":[0,0,0]},{"i":{"x":0.667,"y":1},"o":{"x":0.333,"y":0.475},"t":794,"s":[98.008,60.016,0],"to":[0,0,0],"ti":[0,0,0]},{"i":{"x":0.704,"y":0.596},"o":{"x":0.333,"y":0},"t":817,"s":[98.008,53.016,0],"to":[0,0,0],"ti":[0,0,0]},{"i":{"x":0.667,"y":1},"o":{"x":0.333,"y":0.475},"t":839,"s":[98.008,60.016,0],"to":[0,0,0],"ti":[0,1.167,0]},{"t":862,"s":[98.008,53.016,0]}],"ix":2,"l":2},"a":{"a":0,"k":[38.5,5,0],"ix":1,"l":2},"s":{"a":0,"k":[100,100,100],"ix":6,"l":2}},"ao":0,"shapes":[{"ty":"gr","it":[{"ind":0,"ty":"sh","ix":1,"ks":{"a":0,"k":{"i":[[0,0],[0,0]],"o":[[0,0],[0,0]],"v":[[5,5],[72,5]],"c":false},"ix":2},"nm":"Path 1","mn":"ADBE Vector Shape - Group","hd":false},{"ty":"st","c":{"a":0,"k":[0.26699999641,0.380000005984,0.451000019148,1],"ix":3,"x":"var $bm_rt;\nvar a;\n$bm_rt = a = thisComp.layer('Color control').effect('Global color on/off')('Checkbox');\nif (a == 0)\n    $bm_rt = thisComp.layer('Color control').effect('Line')('Color');\nelse\n    $bm_rt = comp('*All icons').layer('Master color').effect('Line')('Color');"},"o":{"a":0,"k":100,"ix":4},"w":{"a":0,"k":2,"ix":5},"lc":2,"lj":2,"bm":0,"nm":"Stroke 1","mn":"ADBE Vector Graphic - Stroke","hd":false},{"ty":"tr","p":{"a":0,"k":[0,0],"ix":2},"a":{"a":0,"k":[0,0],"ix":1},"s":{"a":0,"k":[100,100],"ix":3},"r":{"a":0,"k":0,"ix":6},"o":{"a":0,"k":100,"ix":7},"sk":{"a":0,"k":0,"ix":4},"sa":{"a":0,"k":0,"ix":5},"nm":"Transform"}],"nm":"Group 1","np":2,"cix":2,"bm":0,"ix":1,"mn":"ADBE Vector Group","hd":false},{"ty":"tm","s":{"a":0,"k":0,"ix":1},"e":{"a":1,"k":[{"i":{"x":[0.667],"y":[1]},"o":{"x":[0.333],"y":[0]},"t":8,"s":[0]},{"t":18,"s":[100]}],"ix":2},"o":{"a":0,"k":0,"ix":3},"m":1,"ix":2,"nm":"Trim Paths 1","mn":"ADBE Vector Filter - Trim","hd":false}],"ip":0,"op":600,"st":0,"ct":1,"bm":0}],"markers":[]}